item_id,description
273010677712,"Tips for EASY payment:PUT all item want AT CART, you can make ONE single payment for mutilple items.For better control of stock, all items are set up as immediate payment required when you click purchase, and thus, PUT all items at CART will shorten your payment time. Good day and hapy bidding.Item: Takara Tomy Beyblade x 1 pcs as per listing stated with all items as per original packing.  Products Details: ALL from Smoke FREE HOME  SHIPPING AND HANDLING CHARGESPls notice that the total price is included both listing price and shipping and handling, while I have set up immediate payment requirement, so there is NO combine shipping deduction. Please still consider to purchase in case total price can fit your budget.■ see below (FLAT shipping and handling to worldwide)(Shipping by Hong Kong Post Office Airmail. Parcel to be sent out within 2 working days upon payment received. Normal Airmail can process 10 to 23 days as per ebay standard.)■ Registered Mail Fee = US$3 (optional)If you NEED registered airmail which means WITH tracking no., pls send additional US$3 or 2GBP to my paypal account or send me email to request an invoice, unless it is free upgrade as registered airmail.  (It can be added as mailing insurance. ONLY paid for registered fee can have mailing reference no. for mailing checking. Or I cannot help you to check the mailing status and you need to bear the mailing risk.) ■ FREE upgrade to registered WHEN YOUpurchase US$30 auction value as per ebay listing price IMPORTANT  ■ PAYMENT by PAYPAL ONLY! ■ EXCHANGE as per returning policy.■ Email to me with specific messages such as product question, mailing checking, etc. or I may ignore the email as junk mail."
112618525787,"Powered by Frooition   All ItemsSee our eBay store for more great items >>   Shop CategoriesAll Categories   Samsung Hybrid 360 Case + Free Screen Protector ***EXTRA 10% OFF Scroll Below To Redeem***    Item Description***Original Price £9.99 Sale Price £1.99 For 24 Hours Only!******Free Screen Protector***Tough Shockproof 360 Design ✔️Anti-Fingerprint ✔️Nice Snug Fit ✔️Increased Lip All Around For Protection ✔️Free Screen Protector ✔️1 Year Warranty ✔️5.00PM Dispatch ✔️Easy Snap On Installation In Seconds ✔️ShockproofEver had that heart in your mouth moment when dropping your phone? Well fear no more! Our Samsung Hybrid 360 Case is fully Shockproof so the impact from drops will be absorbed by the case which will save your previous Samsung from damageAnti-FingerprintNo more dirty and greasy fingerprints all over your new Samsung Phone Case. This case will naturally resist fingerprints and dirt and will remain looking like new! Free Screen ProtectorSick of those scratches? Well so are we! So we've included a Free Screen Protector with this case so not only is your Samsung Galaxy Phone protected, but its Screen too!Increased Lip The case is slightly raised all around, so when you lay your Samsung flat on a surface, the screen won't get damaged as it won't be in contact with the surface ensuring your screen stays scratch freeUltra Responsive /Protected ButtonsEven the Buttons are protected on this case which shows we haven't missed any detail! The Volume Buttons are covered by highly responsive material which means they are protected at all times and yet are still as accessible always! A simply touch will generate a high response from the buttonsEasy FitThis case takes literally less than 10 seconds to install and is a simply clip on case requiring no skill or technical experience. This case is also easy to remove when need be and won't damage your Samsung in the process. Soft material on the inside ensures a scratch free Samsung Phone.Nothing To LoseThis item comes with a 1 Year Warranty and is also backed by the eBay Money Back Guarantee which ensured you either get what you paid for or your Money Back! So what is there to lose? If the item is defective, we will be liable for return shipping too! Rest assured, you are in safe handsWhy Choose Us?Genuine UK Registered and Based CompanySo no need to chase sellers half way across the world with different time zones if something goes wrong! Also being based in the UK means we know exactly what the UK Market RequiresCustomer Service UK LandlineNo More waiting all day for a reply to a message as our Team are always on hand to help with any issues. Simply ring our Customer Service Landline between 10am-6pm Mon-Fri and a member of our team will be more than happy to assist with any questions or queries1 Year WarrantyIf something does go wrong, rest assured that your item is covered by a Genuine UK Warranty and also that the turn around time will be minimal as we are UK Based5.00PM Dispatch TimeWe provide one of the latest dispatch times ever seen on eBay! All orders placed up until 5.00PM Monday-Friday are dispatched the same day. This means an order placed at 4.59PM within the UK will be delivered the next day*Free 1st Class DeliveryWhy Wait when you don't have to? All our items are sent using 1st Class Post meaning majority of the time you will receive item on next working day. Items now also have 2D Barcode tracking so less chance of your item getting lost / misplaced or delayed in transit!Direct Sourcing From Factories We don't buy off middlemen which means we can ensure you get the best deal in terms of Quality, Price & Service60 Day Returns & eBay Money Back GuaranteeAll our items come with a 60 day return policy and are also backed by the Official eBay Money Back Guarantee  About UsAbout UsPaymentShippingTermsReturnsAbout UsFinest Bazaar is a Genuine UK Based Mobile Phone Accessories provider. We provide Mobile Phone Accessories such as Cases, Covers, Screen Protectors and many more at very low prices.We import all of our items directly avoiding any middle men and so you can rest assured that our items are of the highest quality as we use our in house quality control when importing. All items come with a Warranty unless stated and so you can be sure that if any problems do arise, they will be resolved instantly. We stock all the latest models for all the major manufacturers such as Apple iPhones, iPads, iPods, Samsung Galaxy Models and many more. Our store is always updated with new items and so we recommend you follow us as a seller and sign up for our newsletter to ensure you always receive our offers first before anyone else! Our customer service landline is on our page and so if there are any questions or feedback please do let us know. PaymentPaymentWe accept Payments via PayPal. If you do not have a PayPal account, you can still purchase from us simply by checking out as a guest and using your Credit or Debit card details upon checkout. ShippingShippingAll UK Orders are shipped using Royal Mail 1st Class Service. We dispatch all orders up until 5.00PM. This is one of the latest dispatch times you will see on eBay. Royal Mail 1st Class aims to deliver within 1 working day but can sometimes take 1-3 working days. All International Orders are dispatched using Royal Mail International Standard which takes 3-5 working days for Europe and 5-7 working days for the Rest of the World. Please note for International Orders, items have to pass through customs and so please take this into account and note that it can take a few extra days than stated. Please note if Payment is made via eCheque then we can only dispatch the item(s) from the date the payment clears which can sometimes take up to 7 days from the date the payment is made.TermsTermsWe can only dispatch the item to the address provided upon checkout. If payment is made and the item is dispatched and then you ask for an address change then please kindly understand that we can not be held responsible for this. Please read all item descriptions before purchasing and if there are any variations on the listing, then please make sure that you select the correct variation for you as we can not be held responsible for any mistakes from the buyer. All items come with a Warranty unless stated. Please note this Warranty does not cover any wear and tear issues or any issues that arise from misuse.ReturnsReturnsReturning an item to Finest Bazaar is as simple as abc. If there is a problem with the item you have purchased then please send us a message via eBay along with photos of the problem and we will be more than happy to help. In a situation like this we can offer a refund/replacement. If you simply change your mind you can also message us via eBay and we will again be more than happy to help. If there is any problem whatsoever whether it be the item or the service provided, you can notify us via eBay and rest assured we will resolve your issue. Please note leaving Negative or Neutral Feedback without notifying us of any issue makes it impossible for us to resolve. If you give us the chance to resolve any issues, we guarantee you will end up satisfied. All our items come with eBay Money Back Guarantee which ensures you as a buyer either get what you were promised or receive your full money back so you can buy with confidence from us!  Helpful LinksAdd to Favourite SellersSign up to NewsletterView FeedbackContact SellerVisit seller's eBay ShopAbout Seller Page  More Items!View more great items!  Powered by FrooitionFrooition Frooition | No-js Template | eBay design, eBay store design, eBay shop design, eBay template design, eBay listing design (ver:froo_no_js)This listing is currently undergoing maintenance, we apologise for any inconvenience caused."
142010775068,"we do want you Enjoy an easy and pleasant order experience from us !                            --- honesydeals All colors Real Raccoon pom-pons here . click below photo to check.6"" Large XL 100% Real Raccoon Fur Leather ...
Real fur Mixed-Fur  Monster Hangbag bug keychain Ring...
Fluffy Fox Mink Fur Monster Puff Ball Pom ...
6"" Big Fox Intials , All here, click to check ^_^
DETAILS
NEW ARRIVAL Made in ChinaMaterial : 100% genuine rex rabbit Fur.SIze:8cm. Key Chain, Rings and finders ; Bag Accessory, Bag CharmKey Ring, Key Finder, Key Chain  Bag charmPackage: 1 fur ball charm with air Inflatable bag, bubble bag inside.
SHIPPING POLICY
After your clearled payment, We will ship your item in 24 ~ 48 hours(1~2 business days) . We only ship to your Paypal address. We
are located in Beijing in China and we ship to ""WORLDWIDE"" by china
post registered airmail parcel, or E-parcel standard shipping.7-14 days
to US.2-3 weeks other country; We do not make any shipment on Saturday, Sunday & Chinese Holidays. Bascally All Free International Shipping is Economy Air Mail with Tracking number . Our main carrier is China Post If
you are urgent, please choose Standard International
Shipping(International Parcel) or Expedited International Shipping(EMS).
please ebay us to change price;
PAYMENT POLICY
We only accept Paypal. Paypal allows you to pay by Crdit cards, Debit cards
FEEDBACK & COMMUNICATION SERVICE
We always strive for 110% your satisfaction, so your every single feedback is valuable to us. Please let us know if you have any problems before leaving negative or neutral feedback. Before your leave ""NEGATIVE FEEDBACK"" or ""LOW DSR"", Please give us the chance to resolve ourselves for you. Please feel free to contact us through eBay message system only.(not e-mail) We reply for your message within 24 ~ 38 hours. Please be patient. We can not answer your questions on Sunday, Saturday & Chinese  Holidays.
RETURN & REFUND POLICY
We guarantee 100% your satisfaction so we carefully inspect the item before shipping. You can simply return or get refund if you are not satisfied with our products. Refund will be given as ""MONEY BACK"" or ""EXCHANGE"" at the time. In this case, all return shipping charge and re-shipping charge are paid by buyers in any circumstance. The item must be not demaged and be same condition when you received at first.  Please return it to the our address in invoice. After we check out the status of the item from you, if there is no any
damage, we will issue a full refund within 3 working days.  In case of defected items or wrong items received, all return shipping and re-shipping charge are paid by us. If you receive wrong items or defective items, Please take a picture of it and send the picture to our email.  After checking the picture, We will let you know the reimbursement for it.On Aug-30-17 at 03:57:58 PDT, seller added the following information:"
261695393059,"Home
About us
Payment
Shipping
Return
iPhone Accessories
Mobile Phone Accessories
Tablet Accessories
Clothing & Socks & Scarf
New Arrives
Recommended
Shop Categories
LED Light
LED Decoration Lights
LED Light for Car/Motorcycle
Camera Accessories
iPhone Accessories
New Arrives
Clothing & Socks & Scarf
Mobile Phone Accessories
Tablet Accessories
Fashion Jewellery Accessories
Universal Accessories
Video Game Accessories
Sport Accessories
Home Garden Accessories
Computer Accessories
Car Accessories
Other
Why us?
Dual USB Car Charger Adapter + 1M Micro USB Date Cable for Android Smart Phones
DESCRIPTION
Car Charger
100% Brand NewMini size & beautiful design.Simultaneously charge two devicesUse your existing USB charge/sync cable for  chargingCharge your iPhone, iPod, Blackberry, Mobile Phones and some other USB Powered Devices.Input: DC 12V - 24VOutput: DC 5.0V - 3.1AColor: BlackMicro USB CableUnbranded /Generic / Third party productCompact, light and easy to storeUSB cable 2-In-1 features: Hotsync & Charging. Micro USB connector (compatible with Samsung Galaxy S2, S3, S4, HTC, LG, Sony, Blackberry, etc)Cable Length: about 1M (3ft)Color: Black
Package includes1 x Mini Dual USB Car Charger Adapter1 x Micro USB Date Charger Cable
About us
Payment
Shipping
Return
Sanheshun has developed long-term partnerships with our manufacturers world-wide. As a result, We are able to purchase large volumes of top quality products for highly competitive prices.
QUALITY GUARANTEED
We offers an extensive range of products selected by our professionals. At Sanheshun, superiority in details and quality is a high priority. We also have a high-standard QC team, qualified by authorized organizations to ensure products are of the highest quality.
WIDE PRODUCT LINE
As a trendy trader, We are always searching for new products with classic and unique designs to add onto the product line, helping update customerUdiG homes just as they want them to be.
FAST DELIVERY
As an internet seller, Sanheshun has built a complete logistic system, offering the most convenient delivery service possible. On-time shipping and reliable quality control are key areas of importance at Sanheshun
1. After Auction Close, You can Go ahead and Checkout with Ebay System, We Do not Offer Combine shipping Payment (if you want to purchase multiple quantities, please contact us and we will give you a discount price).
2. We accept Paypal only.
3. We only ship to your Paypal's address, please ensure that the shipping address and phone number on your paypal profile is correct. If you have any change for address, please inform us in paypal note or send an email before shipping.
4. Payment must be fulfilled within 7 days since auction's ending. All non-paying bidders will receive an unpaid reminder from eBay.
Once we have received cleared full payment, your items will be dispatched in 1-3 days.
It normally takes :
7-14 business days for US, UK, Canada, Australia, Asian countries.
14-21 business days for Spain, German, Middle East countries.
18-25 business days for Russia, Brazil, Italy, France, European countries.
24-32 business days for South American countries.
We send items by air mail to the buyer without track number. There maybe some delay due to flight, holiday, weather, local post, local natural disaster impact. if your shipment delays, we hope you can be patient, and at the same time contact us, we will try our best to help you.
Import duties, taxes and charges are not included in the item price or shipping charges. These charges are the buyer's responsibility.
Please check with your country's customs office to determine what these additional costs will be prior to bidding / buying.
If any item is defective upon receipt or do not work, please contact us for the return address, return is accepted within 30 days after the buyer receiving the item.
Returned item has to be in its original condition. Buyer is responsible for return shipping costs . After receiving the return we will make a replacement depends on our available stock, if not available, a refund will be issued.
Home
About us
View All listing
Feedback
Return
Shipping
Payment
Car Charger
100% Brand NewMini size & beautiful design.Simultaneously charge two devicesUse your existing USB charge/sync cable for  chargingCharge your iPhone, iPod, Blackberry, Mobile Phones and some other USB Powered Devices.Input: DC 12V - 24VOutput: DC 5.0V - 3.1AColor: BlackMicro USB CableUnbranded /Generic / Third party productCompact, light and easy to storeUSB cable 2-In-1 features: Hotsync & Charging. Micro USB connector (compatible with Samsung Galaxy S2, S3, S4, HTC, LG, Sony, Blackberry, etc)Cable Length: about 1M (3ft)Color: Black
Package includes1 x Mini Dual USB Car Charger Adapter1 x Micro USB Date Charger Cable"
172416375883,"12deeping
Features:Brand new and high quality.Adopting high precision sensor.Strong metal hooks.Before you start weighing precaution, easily avoid airport excess baggage charge.Efficient and comfortable human engineering design.Accurate and easy to read the digital display.After the completion of the weighing up the red light and automatic locking readings.Convenient take down to watch.Low power hint, overload protection, to skin function.Room temperature display.Zero and tare.0.44\'\'LCD digits.Capacity: 50 kg / 110 lb.Graduation: 10g/0.02 lb.Products Properties:Power supply: 1 x 3V lithium cell(CR2032); Battery not included.Display Type: DigitalModel Number: NONEType: mini ScaleNominal charge: OtherType: Household ScalesScale Use: Travel Bag Weight ScalMaterial: metalSpecifications:Item size: 128*29*60mmPackage size: 152*105*38mmNet weight: 130gPackage weight: 141gColor: SilverPacking content:1 x Portable Luggage Weighing Scale
We offer WORLDWIDE SHIPPING. (Except China, Italy, and Croatia)Orders will be processed and dispatched within 24-48 hours after payment is clear.We only ship to confirmed eBay addresses. Your eBay address MUST MATCH your Shipping address.If you have not received your shipment within 30 business days from payment, please contact us. We will track the shipment and get back to you as soon as possible. Our goal is customer satisfaction!Please note that estimated delivery time is depended on destination countries, and may subject to customs clearance process, and weather condition in your area.
CountryDelivery Time (days)
Not including Handling time, weekend, and holidays
9-1213-1819-2425-2930-35>35
United States5%50%30%11%5%Refund
United Kingdom10%63%19%3%4%Refund
Australia21%50%14%7%7%Refund
France11%29%44%10%7%Refund
Germany11%22%30%21%16%Refund
Canada0%47%31%18%4%Refund
Spain4%25%48%13%11%Refund
We accept PayPal payment only, and must be received within 3 days from the date of purchase.Please leave note in PayPal when making the payment if you have any special requests.Orders will be processed instantly and dispatched within 1-2 days, so we do NOT accept any email/message note after you place orders.IMPORTANT! PLEASE READ! Buyers are responsible for import duties, custom fees and taxes, if any. Please check with your countrys custom office to determine the additional costs impose on the item prior to buying.
We offer 14 days return policy. Please contact us within 14 days t from the date you receive your order if you have any issues with the product and would like to return.All returned items MUST BE in the original packaging and you MUST PROVIDE us with the shipping tracking number, specific reason for the return, and your eBay ID.We will refund YOUR FULL WINNING BID AMOUNT, upon receipt of the item in its original condition and packaging with all components and accessories included, AFTER BOTH Buyer and Seller cancel the transaction from eBay. OR, you may choose to have a replacement.Buyer is responsible for return shipping cost.
We strive for our customer satisfaction at best possible. If you have any questions, please feel free to email our service specialists 24 Hours a Day, 7 Days a week. We will reply you ASAP. If no response within 24 Hours, please check the spam in your mail box.We greatly appreciate your POSITIVE feedback. Please do NOT leave negative feedback without asking for help. Our aim is to provide Top Level Customer Service, normally so we will try our best to solve any problem you have.Please DON'T leave negative or neutral feedback if you haven't received item in 30 days, because we have mentioned the shipping time repeatedly.
We maintain high standards of excellenceand  strive for 100% customer satisfaction!  Feedback is very important to us. We request that you contact us immediately BEFORE you give us neutral  or negative  feedback, so that we can satisfactorily address your concerns.
Powered by SoldEazy"
272014980989,"Store category
Sign Up Now !
You may also like
smiling*12
Product Description
- Item Description
New style Hair Twist Styling Clip Stick Bun Maker Braid Tool Hair Accessories
Quantity:
1set (4pcs)
Size:
-----
Material:
Plastic
Color:
100% as the picture showed
Condition:
100% Brand New
Conversion:
1 mm = 0.0394
inch, 1 inch=25.4mm
Note:
the picture shown is a representation of the item, you'll receive from the available lot. Picture may appear larger on your screen. Color may vary slightly due to the color setting of each individual monitor.
- Shipping and Handling
We only provide the combined shipping for the
items you won within 20 days.
We will send the items in 48 hours after the payment is
cleared by airmail.
It  need 7-21 days
to arrive your address.
If you need Express shipping (5-7 days delivery),
please contact me for
invoice before you forward payment.
- Contact Us
We will respond within 24 hours (including
weekends and holidays). Please feel free contact us. You can
to send email through eBay's ""Ask seller a question"" link or
eBay ""My Messages"" contact us.
- Payment
We accept
payment in Paypal
only.
Pay me with
Visa/MasterCard/Switch/Solo/AE via PayPal. We prefer PayPal
- Its FREE for you to use and quick for us to process which
means that you get your purchases faster
- 100% Satisfaction
Guaranteed
If you
are not happy, I am not happy! Your sastisfication is our
happiness! Just email me, if you are not happy with any of
my products We will by best to solve all problem for you.
100% Refund 100% Credit 100% Replacement 100% Exchange.
No time limit, No Kidding.
Welcome to buy
from us and wish you a happy shopping!
Payment
Shipping
Terms of sales
About us
Contact us
Payment
新建网页 1新建网页 1
Payment Method
We only accept PayPal. It is the only online payment method we accept.
Please make sure you have a valid/confirmed PayPal account prior bidding. All PayPal Payments must be Confirmed (Shipping and billing addresses must match).
Payment must be made within 48hrs of the auction end time.
Customs, Duties and Taxes
Import duties, taxes and charges are not included in the item price or shipping charges. These charges are the buyer's responsibility.
Please check with your country's customs office to determine what these additional costs will be prior to bidding/buying.
These charges are normally collected by the delivering freight (shipping) company or when you pick the item up – do not confuse them for additional shipping charges.
Shipping
Shipping Terms
We only ship to the confirmed address provided by PayPal. Before you pay, please make sure your address in PayPal matches the address you would like us to ship to.
Import duties, taxes and charges are NOT included in the item price or shipping charges. These charges are the buyer's responsibility.
Shipping Method
Standard Service is China post airmail, Hong Kong post airmail or Singapore post airmail.
Expedited Service is China post EMS.（Order more than $40,usually will be sent by registered air mail with tracking number (takes 15-25 business days）
Shipping Time
We ship Monday – Saturday excluding holidays. Please send us an email BEFORE your payment if you wish to change shipping address.
Standard Service takes about 18-25 business days (Except Italy, Russia, Ukraine, Kazakhstan, East Europe, South America, which will take 30-45 days). Please note that this service is NOT tracking.
Expedited Service takes about 10-15 business days.
The shipping time during Holiday Season (Christmas, Chinese New Year etc) could be longer than usual time. Please add another 5-10 days as a delay.
Terms of sales
About Item
All items sold by us are being described to the best of our abilities, as accurate as possible, and with utmost conscientiousness on our part.
However, to avoid any potential oversights, I respectfully request your assistance in helping us to make this a mutually satisfactory transaction by THOROUGHLY reviewing item description and photos, and asking all questions PRIOR TO BIDDING.
Please Note that size and color representation are subject to manufacturing variance and may not be exact. Also note that monitor settings may vary from computer to computer and may distort actual colors. Please read these terms thoroughly before placing your bid.
Returns
In case you received a defective item, the customer has up to 3 days from date of receipt to request for refund or exchange for a new one.
In case you received a wrong item, Items must be returned in its original and unused condition & must also be in its original box and packing.
We do not allow refunds or exchanges because of change of mind. Please read all description provided as a guide before you bid. While every step has been taken to ensure that we ship out correct item, there will be occasion when you receive items that are different from the description. In such case, we ask that you contact us immediately so we may remedy the situation. Your satisfaction is important to us and we value your business.
About us
About US
After 10 years successful selling on eBay, we decided to start our nirvana. We are currently specialized in Women’s and Kid’s Fashion. We value each individual customer as well as wholesale customer. Our warehouse is located in Yiwu, the largest small commodities market in China. We offer our customers amazing savings compared to prices offered by traditional retailers for similar or identical products. We provide native-speaking customer service in English, French and Chinese.
Low Prices, Great Deals!
Why pay more when you can pay less? That's our motto. And let's face it, everyone loves to find a bargain. It's human nature. So, in response to human nature, Buy offers not only ""The Lowest Prices on Earth"" backed by our Low Price Guarantee on millions of new and cool products, but also some of the hottest deals you'll find anywhere on items that you just can't live without.
Customer Service!
We provide native English, French and Chinese customer service.
Contact us
Customer Satisfactory
Do not hesitate to contact us anytime before and after your purchase; we are committed to your 100% customer satisfaction. We back our commitment with superb service, 100% full money back and a customer satisfaction guarantee.
Bid With Confidence!
On Oct-07-17 at 10:51:12 PDT, seller added the following information:"
252622368867,"Spigen Glas tR Premium TEMPERED GLASS 9H Screen Protector For Apple iPhone 7 7 Plus Genuine Spigen® Product with Retail Individual Package Made in Korea Please check the devices for Apple iPhone 7 or 7 Plus-Feature-iPhone 7 Screen Protector [Tempered Glass] Screen Protector with 9H screen hardness[Tempered Glass] 1 Pack Screen Protector for Apple iPhone 7 or 7 Plus for comfort and compatibility with CasesExtreme clarity preserves the original screen brightness.Notice : Screen Protectors are manufactured to be slightly smaller than the actual screen of your device. Our goal is for the customer to be able to fit our screen protector on any matching device phone case hassle-free.Clear Visibility retains screen brightness with no rainbow effect.Scratch-resistant coating for longer lasting clarityDry Application: easy to install and remove (bubble-free / no residue)Package:100% Brand New With Original Retail Individual Package.Origin:Made in KoreaWe always guarantee High quality product. NotesThis listing is for one case only, mobile phone and other accessories (if any) are not includedThere may be around 1~2cm difference according to position of measuringItem color displayed in photos may be showing slightly different according to monitor. -Payment-We only accept payments with Paypal. It is easy and safe way.Payment is expected within 3 days from the end of the auction.-Shipping-We can ship our all items worldwideAll our items may be shipped to buyer's e-bay account addressWe ship the item within 48 business-hours (except for weekend and holiday) after receiving a cleared payment. Economy delivery is not offering Tracking Number For safe delivery, I would kindly ask you to sellect Standatd Shipping delivery.If you have not received your product comparing our expect date, please contact us first before open the cases.In some region like Italy, Germany, Malaysia, Maldives, Lithuania, Russia, Mexico, North/South America, South Africa 7~14 days of delayingmay occur due to strict for custom procedure so I would kindly ask you to use Standard shipping Option which offer Tracking number.Purchasing 2 products on our store, We offer you free tracking number.Shipping PeriodEconomy (Without Tracking) and Standard Shipping (With Tracking)10~14 business dayJapan, Hong Kong, China10~20 business dayThailand, Singapore, Southeast, Asia15~28 business dayUnited States, Canada, Australia15~35 business dayUnited Kingdom, Spain, France, Germany, Europe.25~35 business dayBrazil, Malta, Israel, Italy (Strict Custom)30~45 business daySouth America, Africa, Russia, Moldova, Maxico, Estonia25~35 business dayOther CountryShipping PeriodExpedited Shipping(Inclusing Tracking Number-EMS/DHL/FEDEX)2~4 business dayAsia3~5 business dayEurope, Australia, United States, Canada5~9 business dayOther CountryEconomy Int'l Flat Rate Shipping. (Without Tracking Number)Standard Int'l Flat Rate Shipping. (Provide Tracking Number)-please choose shipping option for tracking numberYou can track your package status at the following URL. http://www.track-trace.com/post-Return Policy-We guarantee your satisfaction and if you're not happy with your purchase, you can simply return. If there is defective items or wrong items, Please e-mail us within 2~4 days before returning.Other returns due to personal reasons such as changing colors or miss-ordering, shipping charge for returning is on you In case of free shipping items, we will only give you a partial refund after deducting our initial shipping fees. For return, items must not be worn & include original undamaged packing.-Duties & Tax-Import duties, taxes are not included in the item price or shipping charges. We could not able to inform you the estimated cost because rates are different depending on countries and items. But we try our best for buyer not to be charged or charged little as a gift.-Contact Us- If you have any questions or troubles, please feel free to contact us through eBay. It is the fastest way to settle your concern or issue.We will reply you within 24-48 hours except for weekend and holiday.-Feedback-Your positive feedback with 5 star will be appreciated in a great deal. However, if you are not satisfied with our product or service, Please let us know first before leaving negative or natural feedback or opening case. We do business with you honesty and integrity.Communication is best and fastest way to solve the problem. We always think that buyer is always rightWe do our best to give you satisfaction Thank you.inkFrog Analytics"
142281403702,"For iPhone 7 Plus Ultra-Thin Slim Slider Case Back Hard Cover Two-Piece PC2 part slider case. High durability polycarbonate case designed for the iPhone. Features:Slim fit & protectiveUnique slide design for easy installationAll iPhone features are accessibleSoft micro-fiber interior to prevent scratchesScreen protector friendlyPackage included:1 Phone case.>> Payment Description1. We only accept Paypal payment.2. All payments should be received within 7 working days after auction has ended. If you can not pay in time, plz contact us.>> Shipping Description1. All the items will be dispatched within 24-48 hours after the payment is clear.2. We ship worldwide by air mail via the China post office or HongKong Post Office. For some special orders, we will send the parcel by DHL,if you have any special request, please email us as soon as you pay the order.3. Most airmail takes 14-25 working days from the date of shipment.  In some exceptional circumstances,items will arrive in 30 business days,we do not deliver on public holidays. 4. The item will be shipped to buyer's CORRECT and VERIFIED Address.We are not responsible for the package lost due to incorrect address.5. Import duties, taxes and charges are not included in the item price or shipping charges.Please check with your country's customs office to determine what these additional costs will be prior to bidding/buying.6. The delivery time may vary due to public holidays, weather, and customs etc. Thanks for your understanding! >> Feedback 1. Please ..... Please ..... Do not leave Neutral / Negative feedback or low DSR score without first communication with us.** Negative feedback can't solve any problem** Please giving us a chance to resolve your problem. We will try our best to solve your problem and make you satisfy.2. If you haven't received item in 30 days,plesase email us,we will track the shipment and get back to you as soon as possible with a reply.  Negative feedback can't solve any problem,please understand.>> Returns/Refunds1. We will offer replacement, reshipment, or refunds to make sure you are 100% happy if you have received a defective or wrong item.2.You have 14 days to contact us return it from the date you have received the parcel. If this item is in your possession more than 14 days, it is considered used and WE WILL NOT ISSUE YOU A REFUND OR REPLACEMENT. There are NO EXCEPTIONS!3. All returned items MUST BE in the original packaging and must provide us with the shipping tracking number, specific reason for the return, and your eBay ID.ing the box, packaging, and all accessories.4. If item is damaged during transit or defective or item is not as described,Please contact us by Ebay system emails for further help,we will reply you in 1-2 work days, and try the best to solve it for you.>>NotesWe maybe will send your multiply items in one package to let you receive your package safely together if you buy several items at the same time. If you want to send the package separately, Please make a note to remind me when you make the payment with paypal. I sincerely hope you can consider this position. Will appreciate greatly."
332434466682,"100% Brand new and high qualityBeautiful numeral shape decoration embedded with glittering rhinestone for wedding or birthday partyExquisite shiny diamante design, give the lightspot for the big dayApplication: Birthday, wedding, party, evening, special day, etc.Material: Metal + rhinestoneProcessing: Electroplating silverDecoration type: DiamanteOverall size: Approx. 11*3.5-5.7cm (L*W)Stem length: Approx. 7cmLetter size: Approx. 3.5-5*4.3-5cm (W*L)Color: SilverPattern: Number 40Includes:1 x Diamante Numeral Shape Cake Toppers for Wedding Birthday
MPN Does not apply Brand Unbranded Designer/Brand Unbranded EAN 190268162395 ISBN 190268162395
FT
40TH BIRTHDAY DIAMANTE CAKE TOPPER DECORATION 40 TH SILVER NUMBER ANNIVERSA X8U8
100% Brand new and high qualityBeautiful numeral shape decoration embedded with glittering rhinestone for wedding or birthday partyExquisite shiny diamante design, give the lightspot for the big dayApplication: Birthday, wedding, party, evening, special day, etc.Material: Metal + rhinestoneProcessing: Electroplating silverDecoration type: DiamanteOverall size: Approx. 11*3.5-5.7cm (L*W)Stem length: Approx. 7cmLetter size: Approx. 3.5-5*4.3-5cm (W*L)Color: SilverPattern: Number 40Includes:1 x Diamante Numeral Shape Cake Toppers for Wedding Birthday
Item SpecificsMPN Does not applyBrand UnbrandedDesigner/Brand UnbrandedEAN 190268162395ISBN 190268162395
Payment
1. We only accept payment via PayPal, other payment is not acceptable.2. Please make sure your shipping address is the same of your ebay address before you pay. We will not be responsible for such a case if you change you shipping address as we have shipped your items out.Shipping
1. We only ship to Worldwise.2. We only ship to confirmed ebay address; your ebay address must match your Shipping address.3. Any non-received items caused by invalid address registered on PayPal are not in our full refund or replacement policy. Shipping fee has including the local handing and packaging fee.4. All the items will be shipping within 1-2 working days after receiving the payment, except some holidays.5. We will not be responsible for any custom delay or tax, because transit time is highly depended and provided by postal Service.Returns
1.If you have not satisfied as you received the item, please return it within 30 days for a replacement or money back. Please contact me before you return it.2.All  returned items must be in the original packaging with all  components  and  accessories included, and you must provide us the return  shipping  information  (The shipment or the tracking number)3.Return  shipping fee is to be paid by the buyers. We will not be   responsible for any  custom duty or import tax.Warranty
1.One Year Manufacturer's Warranty for defective items   (excluding items damaged and/or misused after receipt).2.Defective items must be reported and returned to us within the warranty   period (and in the original packaging, if possible). You must tell us what the   defect is and give us your eBay ID. We do not repair or replace items with an   expired warranty.Feedback
FTWelcome to our Store!
DESCRIPTIONPAYMENTSHIPPINGRETURN POLICYCONTACT US
40TH BIRTHDAY DIAMANTE CAKE TOPPER DECORATION 40 TH SILVER NUMBER ANNIVERSA X8U8
100% Brand new and high qualityBeautiful numeral shape decoration embedded with glittering rhinestone for wedding or birthday partyExquisite shiny diamante design, give the lightspot for the big dayApplication: Birthday, wedding, party, evening, special day, etc.Material: Metal + rhinestoneProcessing: Electroplating silverDecoration type: DiamanteOverall size: Approx. 11*3.5-5.7cm (L*W)Stem length: Approx. 7cmLetter size: Approx. 3.5-5*4.3-5cm (W*L)Color: SilverPattern: Number 40Includes:1 x Diamante Numeral Shape Cake Toppers for Wedding Birthday
Payment
1. We only accept payment via PayPal, other payment is not acceptable.2. Please make sure your shipping address is the same of your ebay address before you pay. We will not be responsible for such a case if you change you shipping address as we have shipped your items out.
Shipping
1. We only ship to Worldwise.2. We only ship to confirmed ebay address; your ebay address must match your Shipping address.3. Any non-received items caused by invalid address registered on PayPal are not in our full refund or replacement policy. Shipping fee has including the local handing and packaging fee.4. All the items will be shipping within 1-2 working days after receiving the payment, except some holidays.5. We will not be responsible for any custom delay or tax, because transit time is highly depended and provided by postal Service.
Returns
1.If you have not satisfied as you received the item, please return it within 30 days for a replacement or money back. Please contact me before you return it.2.All  returned items must be in the original packaging with all  components  and  accessories included, and you must provide us the return  shipping  information  (The shipment or the tracking number)3.Return  shipping fee is to be paid by the buyers. We will not be   responsible for any  custom duty or import tax.
Warranty
1.One Year Manufacturer's Warranty for defective items   (excluding items damaged and/or misused after receipt).2.Defective items must be reported and returned to us within the warranty   period (and in the original packaging, if possible). You must tell us what the   defect is and give us your eBay ID. We do not repair or replace items with an   expired warranty.
Feedback
Copyright of XXXX. All rights reserved.
Shop Category Store Home Watches Toys & Games Tools & Building Supplies Sports Shoes Pet Supplies Outdoors Office Products Musical Instruments Lighting Jewellery Industrial & Scientific Home & Kitchen Health & Personal Care Electronics Accessories DIY & Tools Computer Accessories Clothing & Accessories Cell Phones & Accessories Camera & Photo Beauty Automotive Parts & Accessories Arts, Crafts & Sewing New Arrival Special Sale UK Local Warehouse OtherHot Item
100X recycle packing bag heat sealing open top aluminum foil Vacuum Package Z5B3
GBP 2.82
5X SMA Male Plug RF Coaxial Connector Crimp For RG58 RG142 RG400 LMR195 RG223 FK
GBP 1.20
2 in 1 70cm Replacement Test Leads Probes for Digital Multimeter TK
GBP 2.48
Mens Plain Silver Chrome Stainless Steel 6CM Tie Clip Clasp Bars Pins TK
GBP 2.23
RF Wireless Controller Mini Dimmer for LED Single Color Strip Light TK
GBP 2.97
PictureNew List Item
Generic Optical 2400 dpi Gaming Mouse USB cable mice ergonomic keys 6
PK V9
GBP 4.05
2 Pcs Single Pole Double Throw SPDT On/On Mini Toggle Switch H2F7 C9Z8
GBP 1.03
four-way 5V relay expansion board Relay Shield V1.3 For Arduino F2B2 Y3O9
GBP 5.70
HG7881 4 Channels DC Stepper Motor Driver Controller Board Module 2.4-10V Z D5H2
GBP 2.80
5pcs Retractable Lip Eyeliner Brushes Makeup Cosmetic K6K3 B3K1 F6M2 PF P9B7
GBP 1.33
Help & InfoPayment PolicyShipping PolicyReturn PolicyFAQAbout Us
Powered by SoldEazy"
182882782638,"Specifications:*100% Brand new and high quality*Environmentally Friendly*Reduces energy consumption up to 80%.*Lifetime up to 50,000 Hours*Save money and reduce energy usage from the electrical grid.*LED bulb neither include mercury nor ultraviolet radiation.*Suitable for all indoor usage - home, office or retail environment*Easy installation, plug and play.*No UV radiation light up your whole room.*Suit for yards, cars, living rooms, bedrooms, hotels.Item Name: Bulb LightLED Watt: 3W, 5W, 7W, 9W, 12W, 15WBase Type: E27Voltage: AC 220VLight Color: Warm WhiteBeam Angle: 120 DegreeLED Life: 50000 HoursCase Material: Plastic3W Size(Dia. x H): 50mm x 80mm/1.99"" x 3.15"" (Approx.)5W Size(Dia. x H): 50mm x 85mm/1.99"" x 3.35"" (Approx.)7W Size(Dia. x H): 60mm x 120mm/2.36"" x 4.72"" (Approx.)9W Size(Dia. x H): 70mm x 150mm/2.76"" x 5.91"" (Approx.)12W Size(Dia. x H): 80mm x 180mm/3.15"" x 7.09"" (Approx.)15W Size(Dia. x H): 85mm x 210mm/3.35"" x 8.27"" (Approx.)Notes:Due to the light and screen setting difference, the item's color may be slightly different from the pictures.Please allow slight dimension difference due to different manual measurement.Package Included:1 x Bulb LightOn 06-Nov-17 at 22:03:44 EST, seller added the following information:"
